Balance Sheet,2017,2018,2019
,,,
 Assets ,,,
 Cash ,"82,445","82,914","72,944"
 Accounts Receivable ,"1,380","1,297","1,336"
 Inventory ,"3,078","2,018","1,989"
 Property & Equipment ,"37,413","37,007","37,032"
 Total Assets ,"124,316","123,236","113,301"
,,,
 Liabilities ,,,
 Accounts Payable ,"1,560","1,009",995
 Debt ,"90,000","90,000","80,000"
 Total Liabilities ,"91,560","91,009","80,995"
 Shareholder's Equity ,,,
 Equity Capital ,"33,685","33,685","33,685"
 Retained Earnings ,-928,"-1,457","-1,378"
 Shareholder's Equity ,"32,757","32,228","32,307"
 Total Liabilities & Shareholder's Equity ,"124,317","123,236","113,301"
